{"cameraMode":{"drawMode":0,"name":"Shaded","section":"Shading Mode"},"sceneLighting":true,"audioPlay":false,"sceneViewState":{"showFog":true,"showMaterialUpdate":false,"showSkybox":true,"showFlares":true,"showImageEffects":true,"showParticleSystems":true},"in2DMode":false,"pivot":{"x":-108.53919982910156,"y":-71.31407928466797,"z":150.55763244628907},"rotation":{"x":-0.16060803830623628,"y":0.4377208948135376,"z":-0.07978763431310654,"w":-0.881051242351532},"size":233.2535400390625,"orthographic":false}